,deporte,sueno,rendimiento
0,1.8727005942368125,4.013610378432987,115.59837245999499
1,4.75357153204958,4.671542034191752,158.7269519843873
2,3.6599697090570253,4.062062905660481,132.0261510093554
3,2.993292420985183,3.532215202542334,125.03973711505645
4,0.7800932022121826,3.723815226603605,71.49353636299534
5,0.7799726016810132,5.764672608196355,94.51236031417594
6,0.2904180608409973,4.238002310434755,73.60650796838574
7,4.330880728874676,5.185619166288452,167.87274026927477
8,3.005575058716044,6.020503625129141,165.46235589204133
9,3.540362888980227,7.142368971776191,211.61471932027803
10,0.10292247147901223,3.2358728390465936,56.421966046047004
11,4.8495492608099715,7.796462393454256,248.57039934237616
12,4.162213204002109,6.767402336945446,204.40312862393938
13,1.0616955533913808,3.4905541916932314,86.63529297170007
14,0.9091248360355031,8.241471744640663,146.79317856839344
15,0.9170225492671691,8.525234403190879,147.2603406264831
16,1.5212112147976886,3.3664677591291827,99.25821415118534
17,2.6237821581611893,4.661265888883222,128.88685408395295
18,2.1597250932105787,7.837207678758368,176.85194623445668
19,1.4561457009902097,7.48955814230195,150.54069724584645
20,3.0592644736118975,4.107126116138264,128.91414088825363
21,0.6974693032602092,4.256095940020262,84.65429098832652
22,1.4607232426760908,5.222832616748292,117.04830932682424
23,1.8318092164684585,5.907137911146128,141.52521799879418
24,2.28034992108518,6.709528629181776,160.64314301965734
25,3.925879806965068,5.213481837418635,173.8742540008243
26,0.9983689107917987,5.775208296798887,112.38979295927965
27,2.571172192068058,7.48482562880254,196.14864108021632
28,2.9620728443102124,3.2200992173435874,110.17675875568963
29,0.23225206359998862,4.514621666064125,74.94606144053708
30,3.0377242595071916,7.280097515307315,201.9920847517547
31,0.8526206184364576,8.371241026123196,145.1093473840117
32,0.3252579649263976,6.070064652693997,96.37309907255711
33,4.7444276862666666,6.192680911591894,209.7331119266268
34,4.828160165372797,3.6430320680386563,130.25850651032752
35,4.041986740582305,5.684474200940728,183.91286886249338
36,1.5230688458668533,6.195703598730139,135.1411065939216
37,0.48836057003191935,4.454823021808378,87.06097634801085
38,3.4211651325607844,4.615459385696286,142.13799162670753
39,2.2007624686980067,5.263704978627736,146.45978010346337
40,0.6101911742238941,3.120427186666358,66.65557843594651
41,2.475884550556351,4.93247499349907,129.76808428933438
42,0.17194260557609198,4.268688041979268,68.75372617646879
43,4.546602010393911,4.964984113067488,162.72407047664115
44,1.2938999080000846,3.7185727909155073,95.02075732656084
45,3.31261142176991,8.34316368443937,227.48814223858813
46,1.5585553804470549,6.561554721324292,140.38186179218445
47,2.600340105889054,7.074613914866937,173.6038402694293
48,2.7335513967163982,7.7350274316440295,198.25148411311113
49,0.9242722776276352,5.990653193574344,101.23636042424916
50,4.847923138822793,3.521521728524542,117.79574065668382
51,3.8756641168055728,6.2226392509112864,195.56854912936612
52,4.697494707820946,6.521046708125275,215.9328485052904
53,4.474136752138244,7.4726368451059795,237.64640508783995
54,2.9894998940554256,5.589957277378076,155.94056837327832
55,4.609371175115584,3.7654818167733826,132.24393451042678
56,0.4424625102595975,4.702655434792347,81.38115500166558
57,0.979914312095726,5.178493778391811,98.1090535164204
58,0.22613644455269033,6.875503447989607,105.72986719930992
59,1.6266516538163218,6.424669828013471,146.89809693551553
60,1.9433864484474102,5.1365803553870775,128.01096936348821
61,1.3567451588694794,8.919091492757879,172.55798604449916
62,4.143687545759647,6.634648916141323,208.00092529410506
63,1.7837666334679465,4.423360750415966,102.79693571357164
64,1.4046725484369038,3.6106948357224224,90.30921043226685
65,2.7134804157912424,3.9171548351059924,116.89139717002006
66,0.7046211248738132,4.475746370307049,81.44402950623036
67,4.010984903770199,3.9640882395573342,133.73574713718907
68,0.3727532183988541,4.119402144307834,81.4989990965082
69,4.9344346830025865,4.710571012163083,164.2565276672046
70,3.861223846483287,4.040241571768529,133.1388380979301
71,0.993578407670862,8.380592547758551,151.9180245386209
72,0.027610585618011996,3.4814024739698533,62.60716791789743
73,4.0773071422741705,6.147068337421528,197.63410087043664
74,3.534286719238086,5.462380961937969,167.685196372989
75,3.6450358402049368,8.894271701451638,250.20446839717405
76,3.8563517334297286,3.672233413008314,130.0900753750703
77,0.3702232586704518,5.38713359427445,88.95868458278972
78,1.7923286427213632,8.816822599652212,193.1023705795218
79,0.5793452976256486,8.193042755363882,131.77594627905435
80,4.315517129377968,7.90243242569568,249.54611047972537
81,3.1164906341377896,4.547416962269639,137.0957409486853
82,1.654490124263246,4.025325524340395,110.08501002953425
83,0.3177917514301182,7.011859319546586,104.4837369143098
84,1.554911608578311,8.576255934765515,185.5505671524035
85,1.6259166101337352,6.3405773580835785,137.65476935045152
86,3.64803089169032,6.429676136819399,201.5952842819194
87,3.1877873567760657,4.6798745619617055,144.79292503218508
88,4.436063712881633,7.616957599151622,235.574694705051
89,2.3610746258097466,4.12226249134514,116.42717244136719
90,0.5979712296915085,4.942075418425462,87.53675297477552
91,3.566223936114975,5.5526186316985005,172.19404149308573
92,3.803925243084487,6.04566227210673,188.7091263547072
93,2.8063859878474813,4.454458394490482,130.14818529155477
94,3.854835899772805,3.689020948435221,126.89397712527578
95,2.4689779818219537,6.663720254649796,181.90598158572706
96,2.6136641469099704,4.731783319441535,144.13596008192454
97,2.137705091792748,6.487429328535674,160.88498166521347
98,0.12709563372047594,3.9261762916452136,63.305754368307674
99,0.5394571349665223,5.886840611128905,99.390170448316
100,0.15714592843367126,6.195536595309515,91.20047361644127
101,3.182052056318902,3.3109412209345614,107.49221364247042
102,1.5717799053816335,5.019625669163523,116.63358340967474
103,2.542853455823514,3.8064880616338455,107.18381627922875
104,4.537832369630465,3.3802498228366065,123.4463597952737
105,1.2464611457443748,8.939761394339671,171.24177558560473
106,2.0519146151781484,4.934123069848338,125.57055381115157
107,3.7777556927152434,7.859246675127809,239.07567720659932
108,1.1439908274581123,4.527843928582583,93.10257603260246
109,0.38489954914396496,7.089016333343576,99.81157594306504
110,1.4487572645688402,7.561367159338119,155.9889392284441
111,0.8061064362700221,6.573832443647065,122.31282430893222
112,4.648488261712865,5.82945713130095,200.00885652618823
113,4.040601897822085,5.471045484883611,172.47093798893903
114,3.1670187825521174,5.093209599257972,158.26191984820323
115,4.357302950938589,8.577174865486956,263.47388096108085
116,4.018360384495573,7.983716446726374,239.1335727582271
117,0.9328502944301792,8.790161463999075,156.5016585675428
118,4.462794992449889,3.7457833409132686,134.7784078005605
119,2.6967112095782535,7.385204851221865,184.26706065666298
120,4.037200775820312,8.630042740926227,264.70903147846326
121,4.480456499617466,4.087398396993961,148.0114597573961
122,1.5900173748593194,3.398977604200665,88.74549119003227
123,0.5502596226383838,7.446723895740354,120.18231993029723
124,1.1396758127097084,6.446838679079471,129.52631648258054
125,2.1355389431312815,8.050972660549633,188.9372624354503
126,4.090073829612465,3.838634259757737,129.60100258665068
127,4.303652916281717,7.771603871159341,237.13357300187326
128,0.03476065265595352,4.209763920286467,63.07299029441411
129,2.553736512887829,3.981935657194227,125.09959674877463
130,2.087055015743895,3.9855947875859576,114.08500033738089
131,1.1105390523536514,7.887448321388293,145.01688391564136
132,0.599326836668414,6.991183324177201,118.44266651857941
133,1.6880758570181398,6.138392548614716,125.36183898999252
134,4.714548519562596,5.152982904741015,178.48693381229248
135,1.6160146601037761,8.26320324487865,163.75300364400564
136,2.5939531087168306,5.354670644535812,146.01707843662348
137,3.515094794475889,7.899596636829463,220.1276886361617
138,1.81814801189647,5.634809451421311,128.20959114063476
139,4.858910413604804,5.2616665765494455,182.74129077099724
140,4.812236474710556,5.776078714017639,189.3163952622509
141,1.2589114791268208,4.808267244984853,108.15702102625629
142,2.4862425294619275,7.485656281057507,187.81602013978826
143,1.5043915490838482,6.016322340554875,134.52833692183785
144,1.424202471887338,4.393276170880904,104.62250932863967
145,0.18443473677266398,8.397447439647411,106.41910984311062
146,3.047821669899484,5.303347328239268,160.5191092736387
147,2.5133951161443076,6.261317166683932,161.8425064131188
148,0.25739375624994676,8.438832665787281,108.95598022390084
149,1.3932323211830573,6.745427975483953,137.98069296801498
150,4.541329429833269,3.701388244250184,138.00349733177214
151,1.197809453334862,8.638992741680852,165.69540416101017
152,0.7244743604561155,6.766248318428508,114.81964231493566
153,2.447263801387815,5.009433687942517,136.1273279577184
154,4.928252270553004,3.8356324359803233,133.42077888188598
155,1.2102763575575022,7.764151135621776,159.37216427618162
156,3.360677737029393,6.720436535571081,195.98262990866513
157,3.8080980766435877,6.200766551857929,192.227020739563
158,1.1881877199619983,8.363355498305745,162.12136308209534
159,3.641081743059298,7.731583267347185,225.95888255429705
160,1.838915663596266,3.910049278396507,104.0051880092529
161,3.1615291529678973,4.870332406773289,146.74950391626098
162,3.1676485538044736,4.490934838886794,138.86689130812553
163,2.6788734203737925,7.463677755436062,193.0816710993539
164,0.4514488502720415,3.201194608414676,67.5911108650399
165,4.17651247794619,6.419338109227899,202.01281110857096
166,1.6039003248586792,7.574752114444143,164.3483271554779
167,0.9325925519992712,8.260593820570497,144.3971300696386
168,0.20387570777381958,5.052490492295445,77.97184087903028
169,2.954464715941209,7.927543828032077,201.10141441954678
170,3.3878218092114123,3.6637904217312434,127.25393627657449
171,0.08293914463928076,8.07871375040711,106.42319678098723
172,2.560465291496405,3.7649319739918945,119.93831271179513
173,1.1324788759896898,5.383723743362204,96.88343212289766
174,3.2258639520472494,7.783772194677322,225.88652057506104
175,0.8718321450249572,3.8995045640926427,82.69315952281846
176,3.45468869051233,4.375508371395849,145.7757834538827
177,1.933676731502687,7.333515410358398,162.64605077113757
178,4.6836499436836725,7.320219219276446,237.8524578248932
179,0.6876047207299663,6.846885797311784,110.9292541984108
180,1.7053317552512925,7.1636906668026,154.23944572249414
181,0.5673676062029454,6.256346660085577,113.8770131739627
182,4.623468091392814,4.5107943534417165,152.79923636500072
183,4.386696766904905,5.074175961023517,168.9355350370993
184,1.289708138575778,4.089586300808554,100.6992734342834
185,3.299920230170895,8.45070336800177,235.36241400894016
186,4.0861110010060795,6.500350768596723,203.2029770329932
187,2.7760040579973118,5.405108500581839,154.41576782418036
188,2.6482528917800323,5.772034821864796,169.56472101890986
189,1.2092614545022584,8.683700037670892,162.304343365101
190,0.46551383902949606,3.920108418696481,73.83863648059513
191,4.486078789766633,6.517378992100784,214.29343766889906
192,4.502090285816652,6.035332073306796,201.29229345582246
193,3.16550728636634,6.668725412607887,194.48330134680725
194,1.6951489552435035,3.1086611029250433,92.16548100997751
195,1.7460478730633044,8.23274345366491,171.15613533084942
196,3.629778394351197,8.592709694901675,253.77358494743856
197,4.485551299762886,6.390799101535253,199.76405102394858
198,4.4354321213255865,7.179904943261354,228.2084583236552
199,3.899377729288119,8.534996287063773,247.57850729819128
200,3.2101582307714387,7.243431805880392,202.36090111035594
201,0.42069982497524416,3.915234257485568,73.16424044024419
202,0.8081435704730688,6.457730161000879,117.22204559071682
203,4.492770942635397,6.640290278297135,214.68231131670257
204,3.0321452982979498,5.544784027814316,168.66722404799356
205,0.04598525808314824,7.418665413748337,98.50235755915254
206,0.5073577143301605,8.60620208861409,129.14505995673989
207,3.317508845540279,8.553411077440657,240.6036521140449
208,0.025307919231093434,5.705036228424793,83.95294242932785
209,0.8040402570874933,3.6794282750445317,72.61103915082799
210,2.7436689468329307,8.909047193774008,228.42325314574458
211,3.459475988463466,8.033388518675604,230.9932251264221
212,3.259806297513003,3.747976087219601,121.88073073436118
213,1.121346547302799,8.525051295704234,163.41513833976748
214,3.560896106737679,8.21937817237277,233.89040907591897
215,1.1862454374840004,6.113028342756433,124.33652046654802
216,1.6269984907963386,6.547652614469575,143.6868558060636
217,3.732457025590121,5.394016223220781,168.74294150436577
218,3.2481644952360735,3.328569832932188,108.12204196402713
219,4.24611705247089,5.011183449875405,157.62709180129715
220,3.2880644615017167,7.817120691588069,225.84338239468138
221,2.841543016677358,3.027792138027617,98.85756616501324
222,0.4683738391404624,5.000995030146865,80.78981494888956
223,1.8385790152971677,5.38901216154566,120.19323658401855
224,1.3260118384086272,6.2243736176275375,126.67855524176761
225,1.2199482168954179,8.519133698476562,153.98189817524107
226,4.865052773762228,5.078075966195767,179.78084185346236
227,1.965488623333802,5.081719211377366,133.7114155128862
228,4.460232775885567,7.4250074886584905,230.5008326021697
229,3.1556931299863145,5.713307645338843,177.97323778155254
230,3.974056517708242,4.347628937639891,149.72748142398154
231,2.5131854655259604,5.71463709679616,151.71946405060942
232,2.8845194231317954,3.845142122278799,108.62637563378493
233,2.4625884690943196,4.05832191903734,130.75964023216932
234,0.9762149389902225,5.990206636436879,108.12935811859332
235,3.6122605763075266,5.513552697027287,161.61271863812738
236,1.403861812204279,8.4890754064086,172.81900457982016
237,0.1215798321572692,5.174363394699799,88.23814142648449
238,3.227361479535839,6.4835301016682605,192.61828214963842
239,0.8855533970352447,6.793585727517183,125.75042105017229
240,4.702292921764571,3.078566739530002,115.86444711775052
241,4.769642885012937,6.9812242321002635,230.5672695877023
242,4.574321951102243,4.068215801218509,144.75568165598435
243,1.8507935012772219,8.766421904816731,191.45511569761888
244,0.07728308264433714,3.8919763665186777,61.78523312475606
245,4.641592812938627,5.487744742362143,181.44272867639208
246,2.1409207415865716,3.512098008471863,99.79083729020624
247,4.833274095218348,8.981245511075684,284.4618608020847
248,4.818099885446264,6.013170061987456,190.18437125950237
249,4.265047277336801,6.5723101039202625,206.76008048967975
250,1.4722444603479286,3.4024588643305647,84.69979361798401
251,1.9254886430096263,7.499762822395066,165.0023242990891
252,4.255683357584284,4.259433558573514,145.5037362170365
253,1.5846100257813882,8.388325736644283,180.2483526306923
254,0.8474637334304624,4.2308378428920435,91.79925965745394
255,2.784006312291751,4.144126323981999,118.24587684504063
256,4.680773870803905,3.219298007088569,112.0027393369359
257,3.480148983374865,5.832401670659996,180.08630353683373
258,2.8503058504468246,6.3890467995756985,170.20283834793028
259,0.4858824688538427,3.394251836570114,65.99617417696265
260,3.075036133495849,7.653165700170064,211.17496208696184
261,4.950269250521316,5.7197330084881655,186.35102334285557
262,0.7004200761826201,6.14634161596548,108.2449142353607
263,2.591648261818684,5.644576481629369,147.015466439289
264,4.386865359639777,5.404578365251956,173.94479323246736
265,3.703843088771022,6.357841987849307,193.77341142683596
266,3.48507870497634,3.931441475584275,121.99383778886887
267,3.5124204199355464,4.091568782971627,136.27831517093236
268,1.7974557560987758,8.170713726081104,177.62422869578043
269,1.4679592213224668,8.676692772801797,176.0321776592093
270,4.046805777392568,5.239855897678518,169.90902178590318
271,4.050566973395904,4.624468038861322,159.52947875247045
272,4.335361592900519,6.863997259434095,216.94207894679747
273,4.566202762782357,5.452405026588578,177.90658857433988
274,2.556711994304689,3.152318133962069,103.11329843574806
275,2.507581473435998,3.936915584197142,120.32401987659183
276,3.9914758948338758,7.295833373084385,221.76370521342423
277,3.2498196538888258,6.953543651460908,197.19275772132073
278,3.509834386288517,3.162575955020901,108.20697599270952
279,3.978963347180505,4.331832971597697,141.13664586169313
280,4.450026709087831,4.386448779528428,142.27290584560694
281,1.689975784257679,7.03135646159237,163.374319243891
282,1.87791476319972,3.118263226526185,85.9756761573161
283,0.469909699204345,3.624651491907443,65.98122461107235
284,2.89140070498087,7.799496512239136,202.89922411490315
285,0.17971136898371043,4.071267972326002,70.71269617753684
286,2.3279900906623006,6.916476647111248,170.75721224001006
287,2.713223173537883,4.429096686280359,137.21179592919447
288,1.432706260641422,3.596648356556071,88.54344513717359
289,2.9541663028450538,4.459033145996725,136.8074030318572
290,0.15250124969524714,7.333601591133955,95.85056312665355
291,0.18674094374607209,8.134178808637714,120.83996825051885
292,4.113002803298292,7.981319187401949,236.12861841573815
293,1.8009532070563146,5.383101177710729,131.44296939169493
294,0.6353025632594239,7.008510819423877,119.3828025599842
295,2.611216300274022,4.229905772494925,127.26174162291454
296,3.849967765493054,4.75888638156608,153.2314232923545
297,1.0791051374842158,8.37801491112672,151.98725471169365
298,3.114452379095001,3.0780115410644164,106.96179905981296
299,0.42673732496884,3.5130511851268085,66.24684774497206
300,0.2584086058430385,4.247317530876164,75.35854856456616
301,2.65677315784074,3.1591932232429185,114.8938527951045
302,2.7031756080505325,4.088612610538783,120.93377771553355
303,3.187149507491033,6.498249365818153,178.31052448663561
304,3.6304566686133075,5.528547303554988,170.044871658698
305,4.879260397312673,8.356030266461849,281.31119946980215
306,2.5815017415059764,7.904661370430645,195.38190163797918
307,1.6147823647062298,5.050904110187256,127.72823787539798
308,3.9759309738435182,4.556540600587755,158.63475698741732
309,1.354161256310371,5.278154449003601,113.41465304052693
310,2.1948571035281805,6.541769655088847,164.1662737734806
311,0.3922819067113298,4.6083818449372576,86.87951415062942
312,0.12675371707728755,6.744893447094804,90.82616327062922
313,4.813242073389626,5.456469913147442,181.29677289324644
314,4.1799006025610295,6.312283085111881,196.03709166190063
315,3.47987103046849,5.6167591748119,165.14575653578467
316,2.044764722071349,4.766794557251506,121.5377337644911
317,0.8664716003542289,8.690719841772939,141.65329970469526
318,0.7821852133554302,7.581634764958565,129.60507249208587
319,1.2512144908229765,3.8406790545987155,87.8505817977592
320,2.7461333235306022,8.210807855387477,212.03715553311744
321,3.5729796135003116,5.924587189497082,171.43625489690353
322,3.3009868835886564,8.367313361364548,232.63436143863655
323,1.3996694847297142,7.799131535683891,160.94160410793836
324,4.77432640331597,5.551281026815401,174.79096060304332
325,3.6894845834788423,3.134815849920704,113.98723962675365
326,2.7717702625570033,4.6120641563096765,141.92173840848918
327,3.058603731171761,6.249805287965201,170.72644449222844
328,2.0980003121389497,6.800869318956884,171.7096476925872
329,1.2386549475057873,4.5473261125992135,104.07565409764058
330,1.779863393256308,3.836136444436945,99.34171028441936
331,3.7892305523218455,8.009581420795794,234.9812250925045
332,0.07196744314877934,8.906413084221313,115.48362622262627
333,0.5803632025345812,6.154141093816115,103.9029697289005
334,0.23001321010876374,4.030075715089821,69.99389964312462
335,0.20364401159485068,4.633843959116214,68.43993744106871
336,4.277302920055036,3.1103440592848006,114.43936261273878
337,3.5182892969001185,8.485792839362993,232.85051312233097
338,2.370869145436626,3.706506497340847,110.35947790148735
339,0.4891708032550074,6.459098853085521,99.32955844515429
340,2.4580793755841617,4.644331324123236,127.17493167685652
341,2.3673588539028283,6.325068015094761,168.02318807437456
342,0.8660093495500759,6.908522330111185,129.21337728461694
343,2.169258246189865,7.97845082224321,190.48130945571333
344,1.9925236719868673,4.2385276305636195,108.68258236486591
345,3.0792504902610824,3.065974971950883,104.58473382166358
346,3.175468254338219,3.8213137804128436,130.1976966144328
347,0.2265200488602226,8.400111851088631,115.56474480214199
348,1.873063073132356,8.243340465375091,193.36208912265573
349,3.1292995785711817,6.58447861302185,187.79254604378167
350,2.5156812929004384,6.60310116260192,172.18571177917542
351,4.282449205941611,6.990220047277533,217.31629179976036
352,3.293468158094725,4.052227671740697,131.4347373125009
353,0.8146721354071484,8.486471675549758,141.98614554804516
354,0.3528437370021492,5.5126231493524385,91.36631303458293
355,3.212096391031578,5.298831169496985,163.08200537348975
356,0.13255655270810907,6.113506231697025,82.38229083018777
357,2.9288779063673163,3.2817958006503303,102.80790131793954
358,4.701151207124788,3.9977002125364764,130.18594806952305
359,2.877370889379395,7.428201698558222,200.639512567172
360,1.9408496310326095,3.496792007550759,94.41012954989979
361,3.216441092211766,6.618912656798329,177.7921807077389
362,2.2912644524575834,4.472094658087926,126.27013408951983
363,2.728083946579675,5.335773684251859,162.64242169197962
364,4.707324043882625,4.732162420624199,160.5277191130839
365,1.9305131890038711,5.134036298789695,132.95517032701204
366,4.805952819119571,7.314275431105473,236.95789640352953
367,4.526753209780319,4.78273029373905,160.36062778615752
368,0.9789556739464822,6.398427841781383,125.44404226749
369,0.3468065043758273,5.856302413194598,90.07693979615895
370,0.5038900068871333,6.982026992175889,112.0265606949979
371,0.09110912825774864,8.620978435948548,112.30180701468858
372,0.472214803779642,7.395432583261502,110.99706614305006
373,3.4150338670817844,4.28964227154454,142.69186806936906
374,0.35594324230114494,3.187098810367708,60.492956315883276
375,1.5948781514688064,4.57358426579895,107.4266186561567
376,4.2243765548472725,6.570467584201529,209.24131841948622
377,0.11635967867912933,3.3085548809055023,51.83791488715757
378,4.072342412944679,5.978197483207418,188.63716728358455
379,1.4092738738669996,6.581057093501335,138.04397280229912
380,0.5908241381082813,5.005463344901765,95.12864812962229
381,3.483685826820753,7.625473222474931,220.73432192323338
382,3.14471423389942,3.639589518802631,119.55566692544213
383,4.387360067635265,3.4508266904148526,127.22079121286171
384,3.675355219019429,7.3691325372216205,223.58470236596762
385,4.017404651924243,5.972947897237191,190.34397454333447
386,1.4101728628565324,7.1304143785664165,146.76320474862365
387,0.8871977188986141,5.608964031622477,100.38210593765581
388,3.753073758204292,4.478412199434641,140.7292173649493
389,4.03417369633632,7.914613906045198,237.0246576927887
390,4.952525710003367,7.796495273813876,250.07211781859164
391,2.0630883845571324,7.16817882512656,168.07860234739968
392,1.860090428963916,4.632870823379776,118.60373978975213
393,3.882064803709984,6.541384001214523,202.6583008136331
394,1.7040177012650892,5.165843381640161,123.36593072351998
395,4.653786628017824,3.549492439959805,128.8353639149851
396,4.2920637592150594,8.503881452773456,260.4735146349493
397,2.1449701368750915,3.8209117855137684,99.48661311448133
398,3.754355338957487,8.701424122924815,247.02029476078587
399,3.7727143704234116,5.676034637747734,175.58673277223016
400,0.515619344179663,4.110797573031718,70.47462924917765
401,4.512764533397833,6.251405684270149,204.9545247153937
402,2.5262618622392856,8.23767501525845,212.02053215635357
403,4.132287330538708,7.393349318457367,232.98999153038218
404,1.6002480051530588,7.839366887168699,163.8275184517614
405,4.477616142481002,6.952700200264304,228.52382646802587
406,1.9460083936708155,7.153659387107115,165.793535908522
407,0.0541882574014918,8.095173909391916,101.8249774676786
408,4.5269098820963185,4.498008053155115,149.7862846257342
409,0.4564333839306678,5.936549781858843,94.9132138664354
410,1.5965681879520743,4.327256650917613,105.26815653924578
411,4.750309835254025,8.926008047979881,283.27569380725487
412,4.7530357346877805,8.66435603811968,275.69589569006854
413,2.8671894406164307,3.2365608682110354,107.84568710796492
414,3.159186060848996,7.233451035094131,203.3728931388327
415,2.2422276098915987,8.551489904493994,206.7163376818279
416,1.4660538584903227,4.083452070764001,105.07140017143382
417,1.6433227268495798,6.407671383315777,135.32002418145692
418,3.362592280385192,8.49292978552825,222.91053639291542
419,3.7618726471884,3.2036758715147933,118.88867306421336
420,3.9578952186292424,7.1845216034810395,211.1267819474517
421,3.9480907139727694,4.784094044235305,154.72836236847849
422,0.45603051524345184,8.546377172259183,121.4194079697681
423,2.472101523512907,8.826349470992206,205.27978544423976
424,0.2877938000832214,8.665598934680602,123.40735676461465
425,2.7476444116186776,5.845285299944782,165.0577074919835
426,2.207652506866885,8.17225590593588,189.49961083548976
427,4.438520913791499,8.067296391210423,238.42161745232718
428,1.7545750627603933,4.914602839459533,117.98998948410538
429,0.5853350821380293,7.973492844904064,128.11478359017485
430,0.7149584102641793,3.2220458082929557,63.23129480338113
431,3.8075531585873614,6.577619270892319,200.49244664370818
432,3.0910903165813055,4.3800530237262185,135.58237565533975
433,0.5056133806139512,3.723401314663673,74.47814278624196
434,0.42053403057498717,3.461719209775255,66.81564071385579
435,3.5048456572955997,7.177732655268839,203.26021796751436
436,0.36381503182096764,5.039249782608397,88.76891595963818
437,4.1093002964517815,7.3486006291725685,224.4642430699698
438,3.531211135782481,3.392138044793654,117.25809108224855
439,0.4067439032094988,4.891742026983662,77.81466219641594
440,0.4241885704259596,6.236947754252023,96.55865481990227
441,4.933197892505877,7.744338989033781,246.82544748612838
442,1.8713539787806015,4.912515017592419,122.59705051228624
443,1.8532107353344545,6.755348258622055,163.6833515834777
444,4.063997836287513,8.315866489417122,242.89354516316644
445,4.736242886919293,6.695179129093828,209.47161566094775
446,4.930005319114354,4.397756848521802,159.09250119145014
447,3.766890926294708,3.146404689339228,111.76104374914158
448,1.881297927654579,8.22059324340558,178.32373210942325
449,0.4175035834933438,3.1276164651023226,67.43847844160642
450,3.885734579637184,8.248210036105196,240.6446615163786
451,2.792021248679025,6.173622804163272,178.3079915825402
452,2.1211100462348815,8.634406191077378,201.31112133694523
453,4.53177192547368,7.792699414641993,243.1120913579814
454,0.5559874115307567,8.987604663200024,148.06301307616445
455,2.4631255214542955,5.104270892710261,137.04989474758565
456,0.056768223837095344,7.603129733586761,102.31009434207263
457,2.3433032099706312,5.411585481655453,145.01259858734522
458,0.28151637840918675,5.879253721823453,95.90665978949434
459,0.5940895813403596,6.7650327793102205,119.38654217132724
460,0.5876312338855244,8.242062685118032,129.73235856534956
461,3.246051510580318,8.904500815195771,237.97601351942888
462,3.7302243963271167,7.609640483187109,226.1485756612635
463,2.916843825485798,5.506600693004002,154.15373067996077
464,4.810862742372709,5.528142013662421,194.4586263242935
465,1.8743528976185204,7.425493809533349,168.18529521318104
466,1.4285604314093037,4.4326628746098145,103.13537989589055
467,4.342995640947302,3.662844678788368,129.74282341333557
468,1.117979192597263,5.127732945844659,100.49254842911495
469,4.816112697203057,4.72343394992449,156.02749611078127
470,0.06077237344908171,4.777848722735941,75.84250735213917
471,4.849394133538195,4.40164650629946,148.30431026625655
472,0.21579955975288057,3.2525591378181713,53.195924831142094
473,4.455715568490356,3.107243608400483,116.41120457630332
474,2.6385055454314994,8.92633433841619,228.09304340827796
475,4.964823980596502,5.566638802415174,190.33461008170568
476,0.3689828236769943,5.30595988295809,90.99736688098189
477,2.7692714220066037,7.077883696158419,183.92966441484043
478,4.846512678095495,4.3095233271903854,141.76245245991188
479,2.615489220850744,8.699767103701351,224.23091435096393
480,3.1469931906763127,7.718070086493312,210.21635713380587
481,3.4787434449230856,3.5364660138735573,119.19651071934426
482,2.272705323838866,5.50548465470957,150.3402057871939
483,3.137790400420317,8.274709845372989,226.9151391924277
484,2.921571559615501,8.668392133748462,228.4815041604797
485,4.505790052454945,5.804409067499218,200.16331574278502
486,0.22723190170728935,6.680468335264246,92.91272981136024
487,1.4048159479611515,4.002203676552451,102.30239128964855
488,4.752057420382794,8.947011756821858,283.35674975563
489,4.4513189194545815,4.390030208300661,150.73602499380218
490,2.278283763928565,8.656390644810754,211.69563135333897
491,3.1006629890076836,6.897879893954211,194.73759320111554
492,1.3869059149056633,6.6464207692731545,141.06059387259086
493,0.9406057986188066,6.076131066099052,120.43969297739821
494,2.3184920246999106,4.384018870306552,121.3238407678171
495,1.766761140130264,4.05916819203305,102.21903839851352
496,2.9182805592543604,4.322917254421052,126.69219222672366
497,0.3886731848249242,4.118629572865527,63.13461351314231
498,4.8719740383308325,7.67750684140052,258.54577758980315
499,4.931053722398015,5.100751555000381,167.119726887088
500,3.490808570098726,3.347056059380378,114.90491551487524
501,2.680481831720602,8.814615780844868,219.9240400508699
502,1.5476380814316388,8.302715309780554,171.9916004858409
503,4.068975098534743,8.566513699171278,260.53649816768166
504,3.4236558627693965,8.969446935878612,253.02061469337926
505,0.8130846967244565,4.043371495316924,80.8816919831052
506,4.554635922469212,5.377452113415952,176.99367251201386
507,4.112686214615845,7.549430854224548,232.0486986237103
508,4.74899956645962,7.176123708322754,230.41141782124456
509,3.6285975419418,3.9233754380391304,139.14468690779452
510,3.0670759796789495,7.894998749943706,216.04838085963254
511,2.0912151814530944,4.346643431019964,121.7485750820747
512,4.663642416770067,4.342905688935739,152.46445444156555
513,4.330319447502042,6.221846537360482,204.55595906174023
514,0.22609335053094703,6.557639609050219,95.65010437566046
515,0.13183487248626002,6.480517247026867,83.66382717660012
516,1.8823168343902479,3.5489210243865292,101.81382767589245
517,4.052766653909164,8.264765175782282,244.88827327158745
518,4.936380646574722,4.593600255532237,154.93810477960213
519,0.7520844555176409,3.777089527696825,81.64985040233154
520,2.9706535767606757,8.332488479213863,226.6135025977291
521,1.9044542831551077,8.73390898937852,191.6647452089439
522,4.8495719890730165,8.172765703592704,263.9980190210115
523,4.210594615678543,7.857096448349268,249.38582939024934
524,4.1916435235556895,6.93145188383413,216.90001289426527
525,2.3434657989748513,6.305144223654835,173.83990832213436
526,2.074097511688326,3.5219205594684606,105.47180170922206
527,1.3670353596535312,5.4507192784241925,110.40785631624082
528,0.2818774832546356,5.236131102073884,86.02160645655877
529,4.323611881275266,4.558522702561957,155.10146974088818
530,4.064505045650388,7.34052068213151,230.6032758790305
531,4.998588366430653,5.975254410472624,202.6109681170959
532,4.983184185369527,3.4862772954458876,123.91292947704723
533,2.7771585280131372,4.3210992116988685,123.61056049123206
534,3.8449370759025525,7.0995525819575755,212.46317409748724
535,4.72382864941214,3.456785156941801,119.54605074943012
536,4.248236953387058,8.107241484292611,245.51673171275596
537,1.2367405087159882,5.970879162083846,126.15192254557317
538,2.2527206765504677,5.883519463959888,158.76697975933718
539,0.6457970757574749,6.554446707957106,112.884989344705
540,4.770255136293612,7.948085795550895,248.44685585344627
541,3.0308731722544002,5.086855247413158,152.66653924227816
542,1.1432140275173137,7.068096915354381,142.21291222733464
543,3.3585034220292838,6.394391783974746,183.33626569434304
544,3.090641202289479,4.602169621016528,139.94965948982937
545,1.7908135901642024,8.271779918130948,179.28526763221302
546,0.5677879609981451,7.784556129641569,119.15064864851257
547,3.357865977963998,6.950711007950553,202.6489342053085
548,2.6015385045189667,8.103490374565451,203.47540172063913
549,3.8615919586781966,8.203765205758813,244.04189128908078
550,2.600817505559967,7.250177860290209,182.20938319547392
551,4.2609075015927,8.022079970182032,244.2064854060076
552,2.759534193872428,7.184828770015702,193.31524316783566
553,2.8046898576769315,7.080844630561803,186.85406529353702
554,4.383268013291725,6.711668269291106,221.53757008184976
555,2.0174143310619854,7.516299837345848,171.87011469547394
556,0.6700761422532037,3.951630631758442,79.93543960824424
557,0.14391338156669486,8.28522455519357,114.38118598172898
558,3.775686278368095,8.231061166471392,233.39827536821696
559,3.1015477567673235,3.175483698207355,100.01087117445917
560,3.5203988404961177,7.954900503388576,219.5647721135423
561,1.0648208075445535,3.773219204840671,92.68710390513567
562,0.6818573779338488,5.010713125554851,89.84727959704375
563,0.07272332833940964,7.461049537749647,110.64684510463606
564,1.7529377940329849,3.9645593762898494,101.6985538204039
565,2.9495884342731653,7.907802144714373,211.4434356687125
566,1.9612202254986615,7.992805067746452,188.22035333339892
567,2.1873746101186455,6.044806402565017,161.82434875546375
568,4.520793472468742,3.0383152303010013,122.1322340528637
569,1.7412773351165018,4.722228799049477,123.17797881291382
570,2.569947445799054,6.701561510254454,179.76189334065515
571,3.9182650637057153,8.88711706816454,263.8376993558743
572,1.9827139116063508,6.7908811621000105,163.60536051874124
573,3.1104335011393673,4.558821486384959,137.18404341213008
574,4.311818543733726,6.804034218597668,210.20233212640588
575,4.747603118288211,6.239912278295133,204.47559912499537
576,0.7353674046451897,7.679072370906861,127.93577408458346
577,4.632938125807472,3.6418838329617502,126.74491277537322
578,2.460581465397691,7.566167415012168,192.35763514669426
579,1.2912219414947916,6.247599472056661,133.88723765921168
580,2.2956787811913064,8.777952023153968,207.45174598911197
581,4.900162876427386,5.051232996232116,178.37509250074368
582,2.463090469964348,6.795731358803689,167.94878566237597
583,1.643758051437541,8.592168633060105,177.9977236903749
584,3.167004271583629,3.6150583679440755,115.77740915470643
585,1.2007280938909655,8.623370923418706,152.00399861797442
586,0.3793166405433196,7.12731433380488,106.93188189238634
587,0.6443986095532461,3.4070223546310316,70.66363831587438
588,0.6402291947888622,4.805781401680898,96.30602661779038
589,0.7595134675614718,7.2490325318716895,127.32945497168225
590,0.6941358632470507,3.40410360881263,67.33830771359108
591,3.2043737240160732,6.49302276105764,194.68654951288013
592,0.9094004219957241,5.07529834171774,106.48004465701126
593,1.728336416619316,6.725493106604863,153.6246841491134
594,4.483942049530059,3.274452202875077,117.28383905341256
595,2.3698082013143615,8.229220836914259,194.20086259117596
596,3.3377886926051357,8.840933815064382,241.22931026988658
597,0.8615993560081492,8.813267131714149,154.64736554501448
598,0.9614450940433539,7.497910990457548,144.88590678771533
599,0.20434308133239432,3.780517440783792,71.551360316042
